"STATION","NAME","DATE","DSND","DX32","DX70","DX90","PRCP","TAVG","TMAX","TMIN"
"NOE00110860","STADLANDET, NO","2018",,"         6","        23","         0","2413.9","7.8","10.8","4.7"
"NOE00109993","KVIKNE I OSTERDAL, NO","2018","      150",,,,"552.6",,,
"NOE00110500","FLEKKEFJORD, NO","2018","       41",,,,"2178.8",,,
"NOE00132894","UKKESTAD, NO","2018","      136",,,,"742.0",,,
"NOE00109876","MOSS BRANNSTASJON, NO","2018","       76",,,,"705.3",,,
"NOE00109631","LINDESNES FYR, NO","2018","        2","        15","        20","         0","1133.9","8.8","10.6","7.0"
"NOE00133746","VIGRA, NO","2018","       10","         2","        15","         0","1419.5","8.1","11.0","5.1"
"NOE00110869","VIK I SOGN III, NO","2018","      101",,,,"1132.0",,,
"NOE00110743","AURLAND, NO","2018","        3",,,,"727.7",,,
"NOE00134718","STUGUDAL KASEN, NO","2018","      166",,,,"772.7",,,
"NOE00110986","AUNET, NO","2018","      143",,,,"761.0",,,
"FIE00142561","HUITTINEN SALLILA, FI","2018",,,,,"505.7",,,
"FIE00144982","LIEKSA LAMPELA, FI","2018",,"       113","        63","         0","505.1","3.5","8.0","-1.1"
"FIE00144862","RAUTAVAARA YLA LUOSTA, FI","2018",,"       121","        61","         0","666.8","3.2","7.8","-1.3"
"NOE00156739","LINGE, NO","2018",,"        10","        55","         1",,"8.7","12.2","5.1"
"FIE00142441","LAITILA HAUKKA, FI","2018",,,,,"402.7",,,
"FIE00143897","KANGASNIEMI KIRKONKYLA, FI","2018",,,,,"528.2",,,
"FIE00144742","SUONENJOKI IISVESI, FI","2018",,,,,"477.8",,,
"FIE00143416","IKAALINEN VEHUVARPEE, FI","2018",,,,,"617.0",,,
"FIE00144747","KARTTULA KALLIORANTA, FI","2018",,,,,"588.3",,,
"NOE00109746","TAFJORD, NO","2018",,"        14","        52","         1","870.8","8.6","12.1","5.0"
"NOE00110752","BOTNEN I FORDE, NO","2018","      151",,,,"2606.1",,,
"NOE00110995","AURSUND, NO","2018","      178",,,,"567.4",,,
"NOE00109622","ROROS AIRPORT, NO","2018","      151","       110","        45","         0","447.1","1.6","7.1","-4.0"
"DA000025140","NORDBY FANO, DA","2018",,,,,"677.5",,,
"NOE00109984","KISE PA HEDMARK, NO","2018",,"        85","        79","         2","509.3","5.6","10.5","0.8"
"NOE00133614","ERESFJORD, NO","2018","      121",,,,"1145.4",,,
"NOE00133978","STOKMARKNES LH SKAGEN, NO","2018",,,,,,,,
"NOE00133854","KVITFOSSEN I VAGAN, NO","2018",,,,,"3045.7",,,
"NOE00133734","SAEBO, NO","2018",,,,,"1892.9",,,
"NOE00110635","FANA STEND, NO","2018",,,,,"2044.6",,,
"NOE00134826","KVITESEID MOEN, NO","2018","      136",,,,"777.0",,,
"NOE00110878","YTRE SOLUND, NO","2018","       13",,,,"1575.3",,,
"FIE00144751","KUOPIO RITONIEMI, FI","2018",,"        99","        64","         0",,"4.8","8.3","1.4"
"FIE00142571","KOYLIO YTTILA, FI","2018",,,,,"437.5",,,
"FIE00142331","PORVOO HARABACKA, FI","2018",,"        70","        76","         0","516.7","6.3","10.4","2.3"
"FIE00142696","NOKIA TOTTIJARVI, FI","2018",,,,,"481.5",,,
"FIE00143546","ALAVUS SULKAVANKYLA, FI","2018",,,,,"397.0",,,
"FIE00145727","UTAJARVI SARKIJARVI, FI","2018",,,,,"449.5",,,
"NOE00109737","ONA II, NO","2018",,"         5","         5","         0",,"8.3","10.1","6.4"
"NOE00109858","STROMSFOSS SLUSE, NO","2018","       79",,,,"733.3",,,
"FIE00143306","PARIKKALA KOITSANLAHTI, FI","2018",,,,,"519.6",,,
"FIE00144637","VESANTO SONKARI, FI","2018",,"       106","        68","         0","457.1","4.2","8.6","-0.3"
"NOE00132990","BOYLEFOSS, NO","2018","      126",,,,"1247.8",,,
"NOE00109777","SLETTNES FYR, NO","2018",,"        80","         8","         0",,"3.1","5.6","0.6"
"NOE00133842","KJERRINGOY OS, NO","2018",,,,,"1091.2",,,
"NOE00110725","SLATTEROY FYR, NO","2018",,"         8","        14","         0",,"8.6","10.5","6.7"
"NOE00133602","HILDRE, NO","2018","       12",,,,"1508.7",,,
"NOE00133726","ORSTA VOLDA LUFTHAVN, NO","2018",,"        21","        43","         2",,"7.0","11.3","2.7"
"FIE00142341","KOTKA RANKKI, FI","2018",,"        70","        48","         0","492.4","6.6","9.3","4.0"
"FIE00144882","JUUKA NIEMELA, FI","2018",,"       111","        64","         0","596.3","3.1","8.1","-1.9"
"FIE00146703","UTSJOKI NUORGAM, FI","2018",,"       120","        21","         0","496.0","-0.1","4.7","-5.0"
"NOE00110608","SVILAND, NO","2018","       77",,,,"1981.6",,,
"NOE00156715","ILSENG, NO","2018",,"       101","        84","         1",,"5.3","10.2","0.4"
"FIE00142586","ORIPAA TEINIKIVI, FI","2018",,,,,"462.6",,,
"FIE00142226","HELSINKI KUMPULA, FI","2018",,"        64","        79","         0","508.1","7.4","10.8","4.0"
"FIE00144522","HALSUA KANALA PUROLA, FI","2018",,"       107","        65","         0","435.8","3.5","8.5","-1.4"
"FIE00144407","KAUHAVA LENTOKENTTA, FI","2018",,"        95","        69","         1","366.4","4.4","9.3","-0.5"
"FIE00142106","LOHJA PORLA, FI","2018",,"        68","        75","         0","476.1","6.7","10.2","3.2"
"FIE00143316","KASKINEN SALGRUND, FI","2018",,"        67","        38","         0","410.0","6.1","8.8","3.4"
"FIE00145616","RAAHE LAPALUOTO, FI","2018",,,,,,,,
"NOE00109768","TAKLE, NO","2018",,"         6","        26","         0","2816.8","7.9","10.9","5.0"
"NOE00109640","LISTA FYR, NO","2018",,"        10","        28","         0","1194.2","8.6","11.1","6.2"
"NOE00110851","SOGNDAL SELSENG, NO","2018","      156",,,,"1643.1",,,
"NOE00133710","SMOLA MOLDSTAD, NO","2018",,,,,"1280.7",,,
"NOE00109885","ASKER, NO","2018",,"        70","        84","         1","790.4","7.1","11.4","2.8"
"NOE00134802","MOSSTRAND II, NO","2018","      148","       118","        44","         0","778.2","2.5","6.6","-1.7"
"NOE00110617","EKSINGEDAL, NO","2018","      157",,,,"2444.1",,,
"NOE00133954","SVOLVAER LUFTHAVN, NO","2018",,"        40","        11","         0",,"5.8","8.2","3.4"
"NOE00134922","SORKJOSEN LUFTHAVN, NO","2018",,"        86","        13","         0",,"3.3","6.8","-0.1"
"FIE00143570","VIRRAT AIJANNEVA, FI","2018",,"        98","        73","         0",,"4.2","9.2","-0.7"
"FIE00143691","JAMSA HALLI LENTOASEMANTIE, FI","2018",,"       101","        79","         1","521.1","5.2","9.4","1.0"
"FIE00143321","MERIKARVIA TUORILA ALAKYLA, FI","2018",,,,,"440.5",,,
"FIE00145742","PUDASJARVI JAURAKKAJARVI, FI","2018",,,,,"518.4",,,
"FIE00143326","ISOJOKI KARJENKOSKI, FI","2018",,,,,"500.9",,,
"FIE00142116","VIHTI MAASOJA, FI","2018",,"        72","        81","         0",,"5.3","10.5","0.0"
"FIE00145502","SOTKAMO KUOLANIEMI, FI","2018",,"       114","        61","         0","471.7","3.5","7.5","-0.5"
"NOE00109759","TVEITSUND, NO","2018",,"        56","        79","         0","906.9","6.8","11.5","2.1"
"FIE00145627","SIIKAJOKI REVONLAHTI, FI","2018",,"       108","        61","         0","401.6","3.4","8.0","-1.2"
"NOE00109514","GARDERMOEN SOR, NO","2018",,,,,"600.8",,,
"NOE00109831","ORJE, NO","2018","      119",,,,"686.2",,,
"NOE00105476","HOPEN, NO","2018",,"       135","         0","         0","352.4","-1.4","0.2","-3.0"
"NOE00110824","MARISTOVA, NO","2018","      169",,,,"748.6",,,
"NOE00134910","GRUNNFJORD STAKKEN, NO","2018","      155",,,,"870.9",,,
"NOE00133822","EVENES LUFTHAVN, NO","2018",,"        69","        22","         1",,"4.0","7.7","0.3"
"FIE00145881","KEMI AJOS, FI","2018",,"       112","        35","         0",,"3.4","6.7","0.3"
"NOE00110941","ORSKOG, NO","2018",,"         9","        35","         1","1300.5","7.9","11.6","4.2"
"FIE00143211","VIROLAHTI KOIVUNIEMI, FI","2018",,"        85","        67","         0","648.7","5.4","9.7","1.0"
"FIE00144542","ALAJARVI MOKSY, FI","2018",,,,,"441.4",,,
"FIE00142241","HELSINKI MALMIN LENTOASEMA, FI","2018",,"        68","        76","         0",,"6.2","10.4","2.1"
"FIE00143575","TAMPERE SIILINKARI, FI","2018",,"        81","        63","         0",,"6.0","9.3","2.7"
"FIE00144782","KUOPIO SAVILAHTI, FI","2018",,"        96","        67","         0","528.6","4.9","8.6","1.2"
"NOE00110707","ROLDAL, NO","2018",,,,,"1801.4",,,
"FIE00145997","RANUA LENTOKENTTA, FI","2018",,"       128","        53","         0","414.6","1.8","6.8","-3.2"
"FIE00143456","JALASJARVI HIRVIJARVI, FI","2018",,,,,"349.2",,,
"NOE00105467","BODOE VI, NO","2018",,"        50","        16","         0","1090.6","5.7","8.1","3.4"
"FIE00146727","INARI VAYLA, FI","2018",,"       136","        37","         1",,"0.2","5.1","-4.6"
"NOE00109822","RADE TOMB, NO","2018",,"        53","        84","         1",,"7.4","11.9","3.0"
"NOE00109948","ATNSJOEN, NO","2018","      162",,,,"604.5",,,
"NOE00110716","ROSENDAL, NO","2018","       13",,,,"1997.0",,,
"NOE00132966","RISOR BRANNSTASJON, NO","2018","       46",,,,"900.6",,,
"NOE00110959","SUNNDALSORA III, NO","2018","       25",,,,"813.1",,,
"FIE00143471","KAUHAJOKI KUJA KOKKO, FI","2018",,"        87","        69","         0","362.2","4.5","9.3","-0.3"
"NOE00110833","MYKLEBUST I BREIM, NO","2018","      129",,,,"1638.9",,,
"FIE00142495","RAUMA KYLMAPIHLAJA, FI","2018",,"        61","        35","         0",,"6.8","9.0","4.5"
"FIE00145522","NURMES MUJEJARVI, FI","2018",,,,,"696.8",,,
"FIE00142010","TURKU ARTUKAINEN, FI","2018",,"        60","        91","         4","455.4","7.1","11.1","3.2"
"FIE00143341","TEUVA KAUPPILANKYLA, FI","2018",,,,,"497.1",,,
"FIE00144552","MULTIA KARHILA, FI","2018",,"       117","        66","         0","463.9","4.1","8.2","-0.1"
"FIE00142015","KEMIONSAARI KEMIO KK, FI","2018",,"        63","        87","         1","525.9","6.5","10.9","2.2"
"FIE00144557","VIITASAARI HAAPANIEMI, FI","2018",,"       103","        72","         0","351.8","4.9","8.6","1.1"
"NOE00156803","NOTODDEN FLYPLASS, NO","2018",,,,,,,,
"FIE00144797","HEINAVESI PALOKKI, FI","2018",,,,,"635.5",,,
"NOE00109813","IGSI I HOBOL, NO","2018","      129",,,,"688.4",,,
"FIE00146618","ENONTEKIO KILPISJARVI KYLAKESK, FI","2018",,,,,"405.0",,,
"NOE00109939","TRYVASSHOGDA, NO","2018",,"        97","        60","         0","1038.4","5.6","8.9","2.3"
"NOE00105492","UTSIRA FYR, NO","2018",,"         6","         7","         0","1243.7","8.4","10.1","6.8"
"NOE00105498","KARASJOK MARKANNJARGA, NO","2018","      169","       137","        31","         0","537.9","-0.8","4.4","-6.0"
"NOE00110923","NORDDAL, NO","2018",,,,,"991.5",,,
"NO000080700","GLOMFJORD, NO","2018",,"        35","        19","         0",,"6.0","8.8","3.2"
"NOE00132954","EIKELAND, NO","2018","      125",,,,"1234.9",,,
"NOE00133926","VALLJORD, NO","2018","      136",,,,"1297.7",,,
"NOE00133806","BJORKASEN, NO","2018",,,,,"1356.1",,,
"SV000020107","BARENCBURG, SV","2018",,"       164","         0","         0","705.4","-2.1","-0.2","-4.1"
"FIE00142385","LOVIISA ORRENGRUND, FI","2018",,"        69","        36","         0",,"6.7","8.9","4.5"
"FIE00143596","JUUPAJOKI HYYTIALA, FI","2018",,"        99","        74","         0","540.0","4.8","9.4","0.3"
"FIE00144322","SEINAJOKI PELMAA, FI","2018",,"        92","        73","         2","430.7","4.9","9.6","0.2"
"FIE00146622","ENONTEKIO KILPISJARVI SAANA, FI","2018",,"       203","         9","         0",,"-2.2","0.2","-4.7"
"FIE00144202","TOHMAJARVI KEMIE, FI","2018",,"       108","        68","         0","575.1","3.8","8.5","-0.9"
"FIE00145772","SUOMUSSALMI NALJANKA, FI","2018",,,,,"591.7",,,
"NOE00110806","HOVLANDSDAL, NO","2018","       69",,,,"3075.4",,,
"NOE00109604","ORLAND, NO","2018","       23","        27","        25","         0","901.0","7.2","10.0","4.3"
"FIE00146508","KITTILA POKKA, FI","2018",,"       143","        37","         0","480.5","0.2","4.9","-4.6"
"FIE00144207","JOENSUU HUHTILAMPI, FI","2018",,,,,"624.3",,,
"FIE00146748","INARI KIRKONKYLA, FI","2018",,,,,"532.5",,,
"NOE00109966","DREVSJO, NO","2018","      154","       121","        54","         0","506.5","1.3","7.1","-4.6"
"NOE00109849","SARPSBORG, NO","2018",,"        51","        84","         2","713.3","8.2","11.7","4.7"
"NOE00132942","OVREVOLL, NO","2018",,,,,"642.8",,,
"NOE00110815","LAVIK, NO","2018","       18",,,,"2490.4",,,
"FIE00145672","OULUNSALO PELLONPAA, FI","2018",,"       105","        59","         3","431.0","3.7","8.1","-0.8"
"NOE00110932","OKSENDAL, NO","2018","      113",,,,"915.3",,,
"FIE00146633","ENONTEKIO NAKKALA, FI","2018",,"       150","        28","         0","438.6","-0.9","3.6","-5.4"
"FIE00144697","PIELAVESI VENETMAKI, FI","2018",,,,,"637.8",,,
"FIE00146753","INARI KAAMANEN, FI","2018",,"       137","        30","         1","471.6","0.3","4.9","-4.2"
"FIE00142035","SALO KARKKA, FI","2018",,"        65","        84","         3","405.8","6.4","10.9","1.8"
"FIE00146757","INARI SEITALAASSA, FI","2018",,"       133","        20","         0",,"0.8","4.3","-2.6"
"FIE00144577","AANEKOSKI KALANIEMI, FI","2018",,,,,"419.5",,,
"FIE00145787","SUOMUSSALMI PESIO, FI","2018",,"       130","        56","         0","568.2","2.2","6.6","-2.2"
"NOE00109957","BLANKTJERNMOEN I KVIKNE, NO","2018","      156",,,,"438.7",,,
"NOE00112089","KJOBLI I SNAASA, NO","2018",,,,,"862.8",,,
"NOE00132930","GJETTUM, NO","2018",,,,,"711.7",,,
"NOM00001238","FOKSTUA, NO","2018","      176","       128","        29","         0","400.8","1.5","5.7","-2.7"
"FIE00141994","HANKO TULLINIEMI, FI","2018",,"        51","        43","         0",,"7.5","9.5","5.4"
"FIE00142846","NURMIJARVI GEOFYSIIKAN OBSERVA, FI","2018",,"        80","        71","         0","552.9","6.0","9.8","2.2"
"FIE00143812","MULTIA PIRTTIPERA, FI","2018",,,,,"582.6",,,
"NOE00109903","BJORNHOLT, NO","2018",,,,,,,,
"FIE00142851","HAMEENLINNA KATINEN, FI","2018",,"        82","        74","         1",,"6.1","10.1","2.0"
"FIE00142611","POYTYA YLANE, FI","2018",,,,,"434.6",,,
"FIE00142736","TAMPERE HARMALA, FI","2018",,"        82","        78","         0","468.6","5.7","10.0","1.4"
"FIE00143822","JOUTSA LEIVONMAKI SAVENAHO, FI","2018",,"       109","        68","         0","591.6","4.7","8.8","0.6"
"FIE00142856","HATTULA LEPAA, FI","2018",,"        82","        79","         1","391.8","5.8","10.1","1.5"
"FIE00143707","SYSMA JOUTSJARVI, FI","2018",,,,,"537.0",,,
"FIE00144917","LIEKSA KOLI, FI","2018",,,,,"688.2",,,
"NOM00001492","OSLO BLINDERN, NO","2018","      130","        60","        93","         2","657.1","7.9","11.9","3.9"
"NOE00109930","NORDSTRAND, NO","2018","      118",,,,"565.3",,,
"NOE00132918","AS RUSTADSKOGEN, NO","2018",,,,,"725.9",,,
"FIE00142741","SOMERO SALKOLA, FI","2018",,"        96","        66","         0","471.7","5.5","9.3","1.8"
"FIE00143952","MIKKELI LENTOASEMA, FI","2018",,"       100","        79","         0","476.3","4.7","9.4","-0.1"
"FIE00142861","LAHTI LAUNE, FI","2018",,"        88","        80","         0","453.8","5.5","10.2","0.8"
"NOE00109921","MARIDALSOSET, NO","2018","      129",,,,"723.4",,,
"FIE00144802","OUTOKUMPU VIURUNIEMI, FI","2018",,,,,"563.5",,,
"FIE00142506","PORI RAUTATIEASEMA, FI","2018",,"        75","        75","         2","391.0","6.4","10.4","2.5"
"NOE00109804","BATEROD, NO","2018","       68",,,,"582.1",,,
"NOE00112071","VAERNES, NO","2018",,"        43","        51","         3","651.1","6.6","10.6","2.5"
"NOE00132906","BLEKSLITJERN, NO","2018",,,,,"563.9",,,
"FIE00142871","HAMEENLINNA LAMMI PAPPILA, FI","2018",,"        89","        76","         0","434.2","5.4","9.6","1.1"
"FIE00142631","KOKEMAKI TULKKILA, FI","2018",,"        80","        86","         2","450.8","6.0","10.4","1.5"
"FIE00142751","HYVINKAA HYVINKAANKYLA, FI","2018",,"        80","        78","         0","532.2","5.6","10.1","1.1"
"NOE00134094","SKLINNA FYR, NO","2018",,,,,,,,
"FIE00145907","TORNIO TORPPI, FI","2018",,,,,"486.3",,,
"NOE00111084","LIAFOSS, NO","2018","      143",,,,"1842.7",,,
"NOE00134082","OVERHALLA UNNSET, NO","2018","      137",,,,"1203.7",,,
"FIE00143737","LUHANKA TAMMIJARVI, FI","2018",,,,,"576.0",,,
"FIE00142526","KOKEMAKI PEIPOHJA HYRKOLA, FI","2018",,,,,"484.3",,,
"NOE00105503","NESBYEN TODOKK, NO","2018","      137","        94","        87","         2","553.2","4.9","10.5","-0.7"
"NOE00105505","SUOLOVUOPMI LULIT, NO","2018",,"       140","        22","         0","381.1","-1.4","3.4","-6.2"
"NOE00133098","GOL STAKE, NO","2018","      141",,,,"534.5",,,
"FIE00144712","MAANINKA HALOLA, FI","2018",,"       103","        66","         0","514.1","4.3","8.4","0.3"
"FIE00142776","VIHTI HIISKULA, FI","2018",,,,,"556.2",,,
"FIE00144951","LIPERI TUISKAVANLUOTO, FI","2018",,"       104","        49","         0",,"4.5","7.6","1.3"
"FIE00144957","JOENSUU LINNUNLAHTI, FI","2018",,"       109","        66","         0","543.4","4.3","8.1","0.5"
"NOE00134070","UTGARD, NO","2018","      128",,,,"857.2",,,
"FIE00145807","PUOLANKA KOTILA, FI","2018",,,,,"669.3",,,
"NOE00134178","EINAVATN, NO","2018","      146",,,,"603.7",,,
"FIE00145812","PUOLANKA PALJAKKA, FI","2018",,"       135","        49","         0","676.3","2.3","6.0","-1.3"
"FIE00144842","RAUTAVAARA ALA LUOSTA, FI","2018",,,,,"558.7",,,
"FIE00142305","PORVOO EMASALO, FI","2018",,"        67","        48","         0",,"6.9","9.4","4.4"
"NOE00111183","LEIRFJORD, NO","2018","      144",,,,"1715.9",,,
"FIE00143757","JYVASKYLA MUURATJARVI, FI","2018",,,,,"445.4",,,
"NOE00110092","REINLI, NO","2018","      149",,,,"846.0",,,
"NOE00134046","OTTEROY, NO","2018","      103",,,,"1339.7",,,
"NOE00134286","ASKIM II, NO","2018",,"        74","        79","         1","659.3","6.6","11.1","2.0"
"FI000007501","SODANKYLA AWS, FI","2018",,,,,"472.2",,,
"NOE00134166","SOGNEFJELLHYTTA, NO","2018",,"       172","         0","         0","916.8","-1.3","1.9","-4.4"
"NOE00135018","MELSOM, NO","2018",,"        50","        80","         1","847.0","7.9","11.9","3.9"
"FIE00145702","PUDASJARVI LENTOKENTTA, FI","2018",,"       121","        61","         0","418.9","2.6","7.3","-2.0"
"FIE00142436","UUSIKAUPUNKI NERVANDERINPUISTO, FI","2018",,,,,"444.4",,,
"NOE00134154","LESJA SVANBORG, NO","2018","      137",,,,"334.1",,,
"NOE00110065","LUNNER, NO","2018","      139",,,,"643.5",,,
"NOE00111156","ALSVAG I VERSTERALEN II, NO","2018","      131",,,,"1151.4",,,
"NOE00134038","NAMSOS LUFTHAVN, NO","2018",,"        61","        37","         1",,"5.7","9.3","2.0"
"FIE00146372","PELKOSENNIEMI PYHATUNTURI, FI","2018",,"       157","        31","         0",,"1.5","4.2","-1.2"
"FIE00146493","KITTILA KENTTAROVA, FI","2018",,"       136","        31","         0","527.5","1.1","4.8","-2.7"
"FIE00144077","SULKAVA HALTTULA, FI","2018",,,,,"502.8",,,
"FIE00145042","ILOMANTSI POTSONVAARA, FI","2018",,"       128","        61","         0","554.4","3.5","7.2","-0.3"
"FIE00144067","SAVONLINNA LAUKANSAARI, FI","2018",,,,,"523.9",,,
"NO000001026","TROMSO, NO","2018","      167","        75","        12","         0","908.0","3.9","6.8","1.1"
"NOE00111040","TRONDHEIM VOLL, NO","2018",,"        48","        40","         0","829.1","6.1","9.6","2.6"
"NOE00133194","SIRBMA, NO","2018",,,,,"427.8",,,
"NOE00134022","LEKSVIK MYRAN, NO","2018","      133",,,,"1238.4",,,
"FIE00145052","ILOMANTSI MEKRIJARVI, FI","2018",,"       115","        66","         0","506.2","4.0","8.0","0.0"
"FIE00145292","PYHAJARVI OJAKYLA, FI","2018",,"       114","        62","         0","449.5","3.3","8.1","-1.5"
"FIE00145177","TOHOLAMPI ORAVALA, FI","2018",,,,,"518.3",,,
"FIE00145297","PYHAJARVI HIIDENNIEMI, FI","2018",,,,,"425.1",,,
"FIE00146017","PUDASJARVI SARAKYLA, FI","2018",,,,,"538.6",,,
"FIE00146258","ROVANIEMI APUKKA, FI","2018",,"       128","        55","         0","468.9","1.5","6.6","-3.6"
"FIE00146378","SALLA KK MYLLYTIE, FI","2018",,"       133","        45","         0","473.9","1.5","6.1","-3.1"
"FIE00146498","KITTILA KK, FI","2018",,"       132","        44","         1","430.4","0.9","5.8","-3.9"
"NO000050540","BERGEN FLORIDA, NO","2018","       13","         4","        46","         1","2398.8","9.0","12.3","5.7"
"NOE00110083","PRESTSTULEN, NO","2018","      169",,,,"567.2",,,
"NOE00134394","SAND I RYFYLKE II, NO","2018","       55",,,,"2365.7",,,
"DA000021100","VESTERVIG, DA","2018",,,,,"757.4",,,"6.8"
"FIE00141925","HANKO RUSSARO, FI","2018",,"        48","        46","         0",,"7.4","9.7","5.2"
"NOE00111138","SORLI, NO","2018",,,,,"614.2",,,
"NOE00110164","GEILO, NO","2018","      162",,,,"869.3",,,
"NOE00110173","GRIMELI I KRODSHERAD, NO","2018","      145",,,,"770.7",,,
"FIE00141935","KAARINA YLTOINEN, FI","2018",,"        63","        81","         2","486.1","6.4","10.8","2.0"
"NOE00134142","OLSTAPPEN, NO","2018",,,,,"477.2",,,
"NOE00134382","OLTEDAL, NO","2018","       26",,,,"2036.4",,,
"NOE00111147","TUNNSJO, NO","2018","      161",,,,"791.6",,,
"NOE00133398","VEA, NO","2018","      139",,,,"699.3",,,
"NOE00111264","BONES I BARDU, NO","2018",,,,,"830.7",,,
"NOE00133278","ATNDALEN RONNINGEN, NO","2018","      154",,,,"507.1",,,
"FIE00146042","TAIVALKOSKI INKEE, FI","2018",,,,,"622.4",,,
"FIE00146162","YLITORNIO MELTOSJARVI, FI","2018",,"       127","        57","         0","362.2","1.6","6.9","-3.6"
"FIE00146037","POSIO RAISTAKKA, FI","2018",,,,,"559.5",,,
"SWE00140960","NAIMAKKA, SW","2018",,"       138","        28","         0","382.4","-1.5","3.6","-6.7"
"NOE00110182","GULSVIK II, NO","2018",,"        86","       100","         5","770.4","6.4","11.5","1.4"
"NOE00134490","NORDFJORDEID NYMARK, NO","2018","       59",,,,"1789.4",,,
"NOE00133162","BERLEVAG LUFTHAVN, NO","2018",,"        82","        11","         1",,"3.0","6.0","0.1"
"SWE00140968","SAARIKOSKI D, SW","2018","      176",,,,"363.8",,,
"NOE00134250","HEDAL I VALDRES II, NO","2018","      152",,,,"751.5",,,
"NOE00133386","AKRESTROMMEN, NO","2018","      136",,,,"441.4",,,
"NOE00133266","ELLEFSPLASS, NO","2018","      166",,,,"608.1",,,
"NOE00111237","SUSENDAL, NO","2018","      163",,,,"726.9",,,
"NOE00110020","BEITO, NO","2018","      154",,,,"894.4",,,
"NOE00110384","TUDDAL, NO","2018","      152",,,,"875.8",,,
"NOE00134598","SVELGEN II, NO","2018",,"         6","        47","         2","2538.5","8.8","12.1","5.6"
"NOE00133026","DOVLAND, NO","2018","      136",,,,"1334.0",,,
"NOE00134478","GJENGEDAL, NO","2018","      133",,,,"2573.9",,,
"NOE00134118","VENABU, NO","2018","      161","       132","        43","         0","735.2","1.2","5.8","-3.3"
"FIE00146057","TAIVALKOSKI KK KAUPPATIE, FI","2018",,"       125","        54","         0","567.8","1.8","6.6","-3.1"
"NOE00109394","BARDUFOSS, NO","2018",,"        96","        28","         2","652.3","1.2","6.1","-3.8"
"NOE00110029","BIRI, NO","2018","      152",,,,"818.8",,,
"NOE00100575","HALDEN, NO","2018",,,,,"645.7",,,
"NOE00100574","BULKEN, NO","2018","      128","        39","        57","         0","1804.0","6.3","10.1","2.5"
"NOE00133150","MEHAMN LUFTHAVN, NO","2018",,"        89","        10","         0",,"2.9","5.8","0.0"
"NOE00111004","BESSAKER, NO","2018","        6",,,,"1073.3",,,
"NOE00133254","HEGGERISET NORDSTRAND, NO","2018","      153",,,,"625.3",,,
"NOE00134586","VEITASTROND, NO","2018","      160",,,,"1724.5",,,
"NOE00134226","FILEFJELL KYRKJESTOLANE, NO","2018",,"       133","        29","         0",,"0.0","5.1","-5.2"
"NOE00133014","LANDVIK, NO","2018",,"        21","        78","         0","1402.6","8.5","12.5","4.4"
"NOE00110276","FOLDSAE, NO","2018","      142",,,,"879.8",,,
"NOE00100570","MESTAD I ODDERNES, NO","2018","      125",,,,"1769.5",,,
"FIE00146182","KOLARI KATTILAMAA, FI","2018",,,,,"447.2",,,
"DA000030370","KOEBENHAVN BOTANISK HAVE, DA","2018",,,,,"486.7",,,
"FIE00146067","KUUSAMO KIUTAKONGAS, FI","2018",,"       128","        51","         0","395.8","1.5","6.4","-3.5"
"FIE00146187","PELLO KK MUSEOTIE, FI","2018",,"       128","        55","         0","345.0","1.8","6.7","-3.1"
"FIE00142931","MANTSALA HIRVIHAARA, FI","2018",,,,,"502.2",,,
"NOE00134350","HAUGESUND LUFTHAVN, NO","2018",,"         6","        24","         0",,"8.4","11.2","5.6"
"FIE00142816","HAMEENLINNA PIRTTIKOSKI, FI","2018",,,,,"563.5",,,
"NOE00133122","HAMMERFEST LUFTHAVN, NO","2018",,"        85","        12","         0","692.4","3.3","6.0","0.6"
"NOE00134574","OVRE ARDAL, NO","2018",,,,,"887.9",,,
"NOE00110366","RAULAND, NO","2018","      148",,,,"898.6",,,
"NOE00133002","NELAUG, NO","2018","      121","        44","        81","         0","1346.3","7.5","12.0","3.1"
"NOE00134454","FURENESET, NO","2018",,"         6","        29","         0","2279.0","8.0","11.2","4.8"
"NOE00111336","KAUTOKEINO, NO","2018","      188","       135","        29","         0","417.3","-0.9","4.1","-6.0"
"NOE00133362","VALDALEN, NO","2018","      174",,,,"703.5",,,
"NOE00133242","LINNES, NO","2018",,,,,"680.4",,,
"NOE00134694","ANGARDSVATNET, NO","2018","      166",,,,"577.2",,,
"NOE00110240","HEDRUM, NO","2018","      133",,,,"972.2",,,
"NOE00134334","KARMOY BREKKEVANN, NO","2018","       11",,,,"1655.2",,,
"NOE00111210","OKSNINGOY, NO","2018","      117",,,,"1452.6",,,
"NOE00134214","LOKEN I VOLBU, NO","2018",,"       100","        64","         0","705.6","3.6","8.6","-1.4"
"NOE00110128","VANG I VALDRES, NO","2018","      132",,,,"579.3",,,
"NOE00110249","LARVIK, NO","2018",,,,,"847.6",,,
"NOE00111219","STEIGEN, NO","2018","      114",,,,"1229.1",,,
"DA000030380","KOEBENHAVN LANDBOHOJSKOLEN 1, DA","2018",,,,,,,,"7.2"
"SWE00140932","KATKESUANDO, SW","2018",,,,,"470.0",,,
"FIE00141855","JOMALA JOMALABY, FI","2018",,"        51","        69","         0","440.8","7.0","10.9","3.1"
"FIE00143917","JOUTSA PARNAMAKI, FI","2018",,,,,"586.8",,,
"DA000021430","GRONBAEK ALLINGSKOVGARD, DA","2018",,,,,"574.5",,,
"NOE00134442","BORGUND LO, NO","2018",,,,,"522.0",,,
"NOE00111102","NAMSSKOGAN, NO","2018",,"        81","        38","         1","1251.4","3.7","8.3","-0.9"
"NOE00134322","IMS, NO","2018","        6",,,,"1720.6",,,
"NOE00133230","SKOGFOSS, NO","2018","      171",,,,"514.4",,,
"NOE00110258","SANDEFJORD, NO","2018",,,,,"892.4",,,
"NOE00133110","ALTA LUFTHAVN, NO","2018",,,,,,,,
"NOE00134562","OLJUSJO PUMPEKRAFTVERK, NO","2018",,,,,"507.9",,,
"NOE00110011","PLASSEN, NO","2018","      149",,,,"665.2",,,
"NOE00110375","RJUKAN, NO","2018","      135",,,,"857.8",,,
"FIE00143806","LUHANKA JUDINSALO, FI","2018",,"        85","        59","         0",,"5.7","9.0","2.4"
"FIE00141989","KEMIONSAARI VANO, FI","2018",,"        47","        45","         0",,"7.6","10.1","5.3"
"NOE00133482","OPSTVEIT, NO","2018","       29",,,,"3081.7",,,
"NOE00110101","SKJAK, NO","2018","      134",,,,"302.3",,,
"NOE00110222","SOKNA II, NO","2018","      141",,,,"652.9",,,
"NOE00110464","RISNES I FJOTLAND, NO","2018","      115",,,,"1949.3",,,
"NOE00134310","HELLAND I GJESDAL, NO","2018","       82",,,,"2327.6",,,
"NOE00134430","FRESVIK, NO","2018","       89",,,,"946.1",,,
"NOE00110581","SOYLAND I GJESDAL, NO","2018","       76",,,,"2394.4",,,
"NOE00134554","SANDANE LUFTHAVN, NO","2018",,"        21","        45","         0",,"8.1","11.1","5.0"
"FIE00145562","KUHMO KALLIOJOKI, FI","2018",,"       123","        52","         0","582.1","2.6","7.1","-1.9"
"NOE00110348","NOTODDEN, NO","2018","      123",,,,"593.7",,,
"FIE00143381","KANKAANPAA NIINISALO PUOLUSTUS, FI","2018",,"        88","        70","         0","487.0","5.4","9.6","1.1"
"FIE00146762","UTSJOKI KEVO KEVOJARVI, FI","2018",,"       133","        25","         0",,"-0.6","4.4","-5.6"
"FIE00143015","ASIKKALA PULKKILANHARJU, FI","2018",,"        85","        65","         0",,"5.7","9.0","2.3"
"FIE00143136","KOUVOLA VOIKOSKI, FI","2018",,,,,"480.3",,,
"FIE00145677","VAALA PELSO, FI","2018",,"       117","        60","         0","405.6","2.6","7.7","-2.5"
"NOE00110590","STAVANGER VALAND, NO","2018",,"         8","        49","         1","1416.2","9.0","12.0","5.9"
"NOE00133210","VADSO LUFTHAVN, NO","2018",,"       109","        17","         0",,"2.3","5.5","-0.9"
"NOE00111201","LUROY, NO","2018",,,,,"2953.4",,,
"NOE00110357","POSTMYR I DRANGEDAL, NO","2018",,,,,"1167.2",,,
"NOE00110599","SULDALSVATN, NO","2018","      101",,,,"1757.4",,,
"NOE00133578","GRONNING, NO","2018",,,,,"1226.3",,,
"NOE00110110","SKJAK II, NO","2018","      122",,,,"232.6",,,
"NOE00110231","TUNHOVD, NO","2018","      155",,,,"664.5",,,
"NOE00110473","ASERAL, NO","2018","      139","        42","        75","         0","1890.7","6.7","11.2","2.1"
"FIE00143270","LAPPEENRANTA KONNUNSUO, FI","2018",,"        92","        75","         1",,"4.5","9.6","-0.6"
"FIE00143391","KARVIA ALKKIA, FI","2018",,"        98","        69","         0","419.1","4.4","9.1","-0.3"
"FIE00142060","NUMMI PUSULA LEPPAKORPI, FI","2018",,,,,"529.1",,,
"FIE00145452","VALTIMO KK, FI","2018",,"       112","        61","         0","527.5","3.5","7.9","-0.8"
"FIE00146783","INARI NELLIM, FI","2018",,"       135","        34","         1","458.7","0.7","5.3","-3.8"
"NOE00111327","CUOVDDATMOHKKI, NO","2018","      192","       138","        25","         0","436.7","-1.4","4.0","-6.9"
"FIE00144242","NARPIO ALAMARKKU, FI","2018",,,,,"481.2",,,
"FIE00144482","AHTARI MYLLYMAKI, FI","2018",,"       103","        67","         0","420.4","3.9","8.9","-1.1"
"NOE00110119","OSTRE TOTEN APELSVOLL, NO","2018",,"        94","        80","         0","520.5","5.8","10.2","1.5"
"FIE00144597","VIITASAARI KOLIMA KARNA, FI","2018",,,,,"422.3",,,
"FIE00146413","SALLA NARUSKA, FI","2018",,"       137","        47","         0","522.2","0.3","5.8","-5.2"
"FIE00145322","KIURUVESI KORPIJOKI, FI","2018",,,,,"450.3",,,
"FIE00145442","KAJAANI PALTANIEMI, FI","2018",,,,,"479.9",,,
"FIE00145207","KALAJOKI METSAKYLA, FI","2018",,,,,"420.3",,,
"FIE00146538","SODANKYLA LOKKA, FI","2018",,"       140","        34","         0","493.5","0.1","5.0","-4.7"
"FIE00145447","KAJAANI PETAISENNISKA, FI","2018",,"       115","        61","         0","443.0","3.7","7.4","0.0"
"FIE00146418","ENONTEKIO KARESUVANTO, FI","2018",,,,,"400.3",,,
"NOE00134790","BERGELIGREND, NO","2018",,,,,"708.7",,,
"NOE00110563","MAUDAL, NO","2018",,,,,"2875.2",,,
"NOE00110680","HATLESTRAND, NO","2018","       25",,,,"2092.1",,,
"NOE00133566","FISKABYGD, NO","2018",,,,,,,,
"NOE00133446","EIKANGER MYR, NO","2018","       51",,,,"2276.7",,,
"NOE00134898","TROMSO LANGNES, NO","2018","      147","        73","         9","         0","1014.2","3.7","6.4","1.0"
"FIE00142190","KIRKKONUMMI MAKILUOTO, FI","2018",,,,,,,,
"NOE00134538","SANDANE, NO","2018","       28",,,,"1277.8",,,
"FI000002401","JYVASKYLA LENTOASEMA, FI","2018",,"       100","        71","         1","427.3","4.3","9.0","-0.3"
"FIE00143281","RUOKOLAHTI KOTANIEMI SIITONEN, FI","2018",,,,,"594.3",,,
"NOE00134778","NY ALESUND, NO","2018","      204","       158","         0","         0","749.1","-2.1","0.2","-4.5"
"NOE00134658","LOKSMYR, NO","2018",,,,,"963.7",,,
"FIE00145221","TOHOLAMPI LAITALA, FI","2018",,"       106","        64","         0",,"3.7","8.4","-1.0"
"FIE00144132","PUNKAHARJU LAUKANSAARI, FI","2018",,"       105","        66","         0","583.5","4.8","8.7","0.9"
"FIE00142075","SALO KIIKALA LENTOKENTTA, FI","2018",,"        82","        75","         0","493.2","5.7","10.0","1.4"
"FIE00143041","KOUVOLA UTTI LENTOPORTINTIE, FI","2018",,"        90","        82","         1",,"5.8","9.8","1.7"
"FIE00143035","HAMEENLINNA LAMMI EVO, FI","2018",,"        99","        71","         1",,"4.7","9.3","0.0"
"FIE00145577","HAILUOTO OJAKYLA, FI","2018",,,,,"409.7",,,
"FIE00146543","SODANKYLA VUOTSO, FI","2018",,"       144","        36","         0","499.9","0.1","5.1","-5.0"
"FIE00143276","LAPPEENRANTA LEPOLA, FI","2018",,"        93","        65","         0","446.0","5.7","9.1","2.3"
"FIE00144002","MIKKELI PITKAHIEKKA, FI","2018",,,,,"439.3",,,
"FIE00146663","INARI ANGELI LINTUPUOLISELKA, FI","2018",,"       150","        33","         0","505.5","0.6","4.4","-3.3"
"FIE00142069","RAASEPORI JUSSARO, FI","2018",,"        57","        43","         0",,"7.1","9.4","4.7"
"NOE00156679","SKEDSMO HELLERUD, NO","2018",,"        85","        80","         1",,"6.2","10.8","1.7"
"NOE00133690","KRISTIANSUND LUFTHAVN, NO","2018",,"        10","        24","         0",,"7.8","10.6","4.9"
"NOE00110213","AL III, NO","2018","      165",,,,"685.3",,,
"NOE00109485","SIHCCAJAVRI, NO","2018","      184","       150","        25","         0","574.6","-1.4","3.2","-6.0"
"NOE00110698","OVSTEDAL, NO","2018","      156",,,,"3120.7",,,
"NOE00133434","HUSNES, NO","2018",,,,,"2193.8",,,
"NOE00133314","HAMAR STAVSBERG, NO","2018",,"        97","        79","         1","488.8","5.9","10.1","1.8"
"NOE00110572","OBRESTAD FYR, NO","2018",,"        12","         6","         0","1326.0","7.7","10.1","5.3"
"NOE00133554","JORDALEN NASEN, NO","2018","      174",,,,"2019.7",,,
"FIE00142080","VANTAA HELSINKI VANTAAN LENTOA, FI","2018",,"        69","        82","         0","502.5","6.6","10.5","2.8"
"NOE00134526","SKEI I JOLSTER, NO","2018",,,,,"1795.8",,,
"FIE00143295","LAPPEENRANTA HIEKKAPAKKA, FI","2018",,"        87","        59","         0",,"5.4","8.5","2.4"
"FIE00145232","YLIVIESKA VAHAKANGAS, FI","2018",,,,,"489.2",,,
"FIE00146563","INARI SAARISELKA MATKAILUKESKU, FI","2018",,"       147","        32","         0","603.8","0.2","4.6","-4.3"
"FIE00142085","INKOO BAGASKAR, FI","2018",,"        60","        49","         0",,"7.1","9.6","4.6"
"NOE00110339","MOGEN, NO","2018","      166",,,,"883.1",,,
"FIE00146798","INARI KIRAKKAJARVI, FI","2018",,"       132","        27","         0","445.6","0.2","4.7","-4.3"
"FIE00145102","KRUUNUPYY LENTOASEMA, FI","2018",,,,,,,,
"FIE00145227","YLIVIESKA LENTOKENTTA, FI","2018",,"       108","        67","         3","444.5","3.4","8.6","-1.9"
"FIE00145347","SIIKALATVA KESTILA, FI","2018",,,,,"481.9",,,
"NOE00110420","TOVDAL, NO","2018","      135",,,,"1069.1",,,
"NOE00110662","FROYSET, NO","2018","       24",,,,"2555.0",,,
"NOE00133782","BARDAL, NO","2018","      137",,,,"1551.8",,,
"NOE00109795","BREKKE SLUSE, NO","2018","       84",,,,"774.9",,,
"NOE00109671","SAUDA, NO","2018","       76","        21","        73","         1","2431.7","8.3","12.1","4.5"
"NOE00133302","HAMAR II, NO","2018",,,,,"369.9",,,
"NOE00133666","MOLDE LUFTHAVN, NO","2018",,"        15","        41","         0",,"7.7","11.2","4.1"
"NOE00134634","LEINSTRAND, NO","2018","      101",,,,"733.9",,,
"NOE00134994","TONSTAD NETTFED, NO","2018","       98",,,,"1929.8",,,
"NOE00133422","EIKEMO, NO","2018","      109",,,,"2838.9",,,
"NOE00134874","AMOTSDAL, NO","2018","      160",,,,"1054.9",,,
"NOE00110429","BAKKE, NO","2018","       69",,,,"2125.7",,,
"NOE00110303","GVARV NES, NO","2018",,,,,"657.4",,,
"NOE00110545","JOSSINGFJORD, NO","2018",,,,,"2006.0",,,
"FIE00145242","HAAPAVESI MUSTIKKAMAKI, FI","2018",,"       114","        65","         0",,"3.8","8.3","-0.7"
"NOE00110788","HAUKEDAL, NO","2018",,,,,"2206.2",,,
"FIE00144272","MUSTASAARI RIIMALA, FI","2018",,,,,"542.2",,,
"NOE00134518","SOGNDAL LUFTHAVN, NO","2018",,"        76","        42","         0",,"5.0","8.5","1.5"
"FIE00146567","INARI SAARISELKA KAUNISPAA, FI","2018",,"       163","        24","         0",,"0.5","3.5","-2.5"
"FIE00146202","KITTILA ALAKYLA, FI","2018",,,,,"505.6",,,
"FIE00143056","KOUVOLA ANJALA, FI","2018",,"        83","        85","         0",,"6.1","10.3","1.9"
"FIE00145112","KAUSTINEN TASTULA, FI","2018",,,,,"475.3",,,
"FIE00146207","ROVANIEMI LENTOASEMA, FI","2018",,,,,"527.7",,,
"NOE00110312","HOIDALEN I SOLUM, NO","2018","      141",,,,"863.9",,,
"NOE00110554","LYSEBOTN, NO","2018",,,,,"1937.8",,,
"NOE00110797","HORNINDAL, NO","2018","      154",,,,"1878.9",,,
"NOE00134502","ORTNEVIK, NO","2018","       13",,,,"1453.7",,,
"NOE00133894","SANDNESSJOEN LH STOKKA, NO","2018",,"        33","        24","         0",,"6.3","9.3","3.3"
"NOE00109786","HVALER, NO","2018",,,,,"652.3",,,
"NOE00133774","BRONNOYSUND LUFTHAVN, NO","2018",,"        29","        20","         0",,"6.5","9.4","3.7"
"NOE00134742","SULA, NO","2018",,,,,,,,
"FIE00146343","SAVUKOSKI KK, FI","2018",,"       133","        48","         0","543.7","1.3","6.0","-3.4"
"DAE00100416","STORE JYNDEVAD, DA","2018",,,,,"703.4",,,
"FIE00144041","JUVA PARTALA, FI","2018",,,,,,,,
"FIE00144157","ENONKOSKI SIMANALA, FI","2018",,,,,"645.3",,,
"FIE00146578","INARI RAJA JOOSEPPI AKUJARVI, FI","2018",,,,,"496.2",,,
"FIE00146698","UTSJOKI KEVO, FI","2018",,"       133","        31","         3","410.6","-0.3","4.5","-5.0"
"FIE00143066","HEINOLA ASEMANTAUS, FI","2018",,"        88","        82","         0","455.6","5.8","10.0","1.6"
"FIE00145487","RISTIJARVI MUSTAVAARA, FI","2018",,,,,"572.4",,,
"FIE00146333","KEMIJARVI LENTOKENTTA, FI","2018",,"       132","        45","         0","463.8","1.3","6.0","-3.4"
"FIE00145007","ILOMANTSI NAARVA, FI","2018",,,,,"691.8",,,
"FIE00146458","KITTILA PULJU, FI","2018",,,,,"647.7",,,
"NOE00156763","SORTLAND KLEIVA, NO","2018",,,,,,,,
"NOE00110761","BREKKE I SOGN, NO","2018","      103",,,,"3418.3",,,
"NOE00134970","LJOSLAND MONEN, NO","2018","      149",,,,"1561.8",,,
"DAE00100980","TRANEBJERG OST 1, DA","2018",,"        13","        71","         0","442.4","9.8","12.6","7.1"
"NOE00134730","AFJORD MOMYR, NO","2018",,,,,"2118.6",,,
"NOE00134610","MJOEN, NO","2018","      146",,,,"434.6",,,
"FI000002963","JOKIOINEN JOKIOISTEN OBSERVATO, FI","2018",,"        77","        76","         0","437.0","5.7","10.1","1.3"
"FIE00144292","KURIKKA PYORNI, FI","2018",,,,,"445.1",,,
"FIE00145382","VIEREMA KAARAKKALA, FI","2018",,"       124","        61","         0","553.1","3.9","7.4","0.3"
"FIE00144172","RAAKKYLA KK, FI","2018",,,,,"586.6",,,
"NOE00110644","FET I EIDFJORD, NO","2018",,,,,,,,
"FIE00146111","KUUSAMO RUKATUNTURI, FI","2018",,,,,,,,
"FIE00146472","MUONIO SAMMALTUNTURI, FI","2018",,"       156","        26","         0",,"0.5","3.4","-2.4"
"FIE00146467","MUONIO LAUKUKERO, FI","2018",,"       194","        18","         0",,"-0.6","1.8","-3.0"
"FIE00144167","SAVONLINNA SAVONRANTA, FI","2018",,,,,"659.7",,,
"FI000000304","HELSINKI KAISANIEMI AWS, FI","2018",,"        61","        67","         0","462.2","7.3","10.3","4.3"
"SWE00140894","PARKAJOKI, SW","2018","      174",,,,"433.4",,,
"NO000005350","NORD ODAL, NO","2018","      138","        90","        89","         1","619.7","6.1","11.0","1.1"
"NOE00109561","KONGSBERG BRANNSTASJON, NO","2018","      138",,,,"675.2",,,
"NOE00110411","MYKLAND, NO","2018","      134",,,,"1000.1",,,
"NOE00110653","BERGEN FLESLAND, NO","2018",,"         8","        31","         0","1868.9","8.0","11.0","4.9"
"NOE00110896","EIDE PA NORDMORE, NO","2018","      128",,,,"2092.8",,,
"NOE00133990","MO I RANA LUFTHAVN, NO","2018",,"        93","        27","         2",,"3.2","7.4","-1.0"
"FIE00141909","KUMLINGE KIRKONKYLA, FI","2018",,,,,,,,
"NOE00110770","BRIKSDAL, NO","2018","       56",,,,"1498.0",,,
"FIE00146482","KITTILA MATOROVA, FI","2018",,"       134","        32","         0",,"1.5","5.0","-2.0"
"NOE00133878","LEKNES LUFTHAVN, NO","2018",,"        41","        12","         0","1310.2","5.4","8.2","2.5"
"NOE00133998","BURAN, NO","2018","      128",,,,"789.0",,,
"NOE00109680","SOLA, NO","2018",,"         7","        42","         1","1187.8","8.7","11.9","5.5"
"FIE00146121","KUUSAMO OULANKA, FI","2018",,"       139","        49","         0",,"1.4","5.6","-2.7"
"NOE00110536","HUNDSEID I VIKEDAL, NO","2018","       98",,,,"3097.9",,,
"FIE00146241","ROVANIEMI RAUTATIEASEMA, FI","2018",,"       123","        58","         2",,"3.0","7.3","-1.4"
"NOE00110779","HAFSLO, NO","2018","      132",,,,"1155.2",,,
"FIE00146598","SALLA VARRIOTUNTURI, FI","2018",,"       151","        30","         0","505.1","1.2","4.6","-2.1"
"FIE00144057","VARKAUS KOSULANNIEMI, FI","2018",,"        99","        74","         0","564.8","5.0","8.8","1.2"
"FIE00146117","KUUSAMO TEERIRANTA, FI","2018",,,,,"579.9",,,
